[
{
  "model": "itam.location",
  "pk": 1,
  "fields": {
    "building_name": "Dholan",
    "office_name": "Social Science",
    "category": "",
    "center": ""
  }
},
{
  "model": "itam.location",
  "pk": 2,
  "fields": {
    "building_name": "hehe",
    "office_name": "hehe",
    "category": "",
    "center": ""
  }
},
{
  "model": "itam.location",
  "pk": 3,
  "fields": {
    "building_name": "Dholan",
    "office_name": "Philosophy Department",
    "category": "",
    "center": ""
  }
},
{
  "model": "itam.location",
  "pk": 4,
  "fields": {
    "building_name": "a",
    "office_name": "a",
    "category": "",
    "center": ""
  }
},
{
  "model": "itam.networkdevice",
  "pk": 1,
  "fields": {
    "deployment_status": "Deployed",
    "termination_status": true,
    "category": "Switch",
    "code": "SG500-52P",
    "manufacturer": "CISCO",
    "details": "aaa",
    "primary_firmware": "aaa",
    "secondary_firmware": "aa",
    "management_ip": "192.168.0.1",
    "purchase_order": "aaaa",
    "purchase_date": "2018-10-13",
    "vendor": "awdwadwa",
    "acquisition_price": "2134.00",
    "warranty_date": "2020-10-07",
    "serial_number": "aawdadwadwadwa",
    "mac_address": "A5:A5:A5:A5:A5:A5",
    "poe_status": "PoE",
    "termination_date": "2019-10-14",
    "location": 1,
    "deployment_date": "2018-10-13",
    "life_span": 1,
    "is_archived": false
  }
},
{
  "model": "itam.networkdevice",
  "pk": 2,
  "fields": {
    "deployment_status": "Deployed",
    "termination_status": false,
    "category": "Switch",
    "code": "SG500-52P",
    "manufacturer": "EGE",
    "details": "geg",
    "primary_firmware": "eg",
    "secondary_firmware": "e",
    "management_ip": "192.168.0.2",
    "purchase_order": "wdawda",
    "purchase_date": "2018-10-15",
    "vendor": "adadaw",
    "acquisition_price": "213123.00",
    "warranty_date": "2018-10-15",
    "serial_number": "awdwad2ad",
    "mac_address": "A2:A3:A2:A2:A2:A2",
    "poe_status": "awda",
    "termination_date": "2023-10-19",
    "location": 3,
    "deployment_date": "2018-10-15",
    "life_span": 5,
    "is_archived": false
  }
},
{
  "model": "itam.sfp",
  "pk": 1,
  "fields": {
    "deployment_status": "Installed",
    "termination_status": true,
    "product_number": "HEHEHE",
    "manufacturer": "HEHEHE",
    "serial_number": "hehehe",
    "product_description": "heheh",
    "purchase_order": "eheh",
    "vendor": "ehehe",
    "purchase_date": "2018-10-13",
    "termination_date": "2019-10-14",
    "location": null,
    "deployment_date": "2018-10-13",
    "life_span": 1,
    "is_archived": false,
    "network_device": 1
  }
},
{
  "model": "itam.operatingsystem",
  "pk": 1,
  "fields": {
    "os_name": "Windows 8.1 Pro Upgrd",
    "os_type": "VL",
    "product_id": "Vvasvasv",
    "serial_key": "svavasv",
    "installation_date": "2018-10-13",
    "deployment_status": "Installed",
    "is_archived": false
  }
},
{
  "model": "itam.operatingsystem",
  "pk": 2,
  "fields": {
    "os_name": "Llll",
    "os_type": "LL",
    "product_id": "lll",
    "serial_key": "llll",
    "installation_date": null,
    "deployment_status": "Not Installed",
    "is_archived": false
  }
},
{
  "model": "itam.microsoftoffice",
  "pk": 1,
  "fields": {
    "mo_name": "Ms Office 2013 Prof Plus",
    "mo_type": "AAA",
    "serial_key": "aaaaaa",
    "installation_date": "2018-10-13",
    "deployment_status": "Not Installed",
    "is_archived": true
  }
},
{
  "model": "itam.microsoftoffice",
  "pk": 2,
  "fields": {
    "mo_name": "Awad",
    "mo_type": "AWD",
    "serial_key": "awdwad",
    "installation_date": null,
    "deployment_status": "Not Installed",
    "is_archived": false
  }
},
{
  "model": "itam.microsoftoffice",
  "pk": 3,
  "fields": {
    "mo_name": "Hehe",
    "mo_type": "HEH",
    "serial_key": "hehe",
    "installation_date": "2018-10-14",
    "deployment_status": "Not Installed",
    "is_archived": false
  }
},
{
  "model": "itam.othersoftware",
  "pk": 1,
  "fields": {
    "software_name": "Adobe CS3",
    "serial_key": "we",
    "installation_date": "2018-10-12",
    "expiration_date": "2019-10-13",
    "expiration_status": true,
    "license_validity": 1,
    "deployment_status": "Installed",
    "is_archived": false
  }
},
{
  "model": "itam.monitor",
  "pk": 1,
  "fields": {
    "deployment_status": "Deployed",
    "termination_status": false,
    "brand": "Benq",
    "model": "Dsdsdsd",
    "serial_number": "SDSDSDZXC",
    "termination_date": "2023-10-17",
    "deployment_date": "2018-10-13",
    "life_span": 5,
    "is_archived": false
  }
},
{
  "model": "itam.monitor",
  "pk": 2,
  "fields": {
    "deployment_status": "Deployed",
    "termination_status": false,
    "brand": "Zxc",
    "model": "Zxc",
    "serial_number": "zxczxczxc",
    "termination_date": "2023-10-10",
    "deployment_date": "2018-10-06",
    "life_span": 5,
    "is_archived": false
  }
},
{
  "model": "itam.monitor",
  "pk": 3,
  "fields": {
    "deployment_status": "Undeployed",
    "termination_status": true,
    "brand": "Kukuk",
    "model": "Ukuku",
    "serial_number": "kuk",
    "termination_date": "2019-10-13",
    "deployment_date": "2018-10-12",
    "life_span": 1,
    "is_archived": true
  }
},
{
  "model": "itam.printer",
  "pk": 1,
  "fields": {
    "deployment_status": "Deployed",
    "termination_status": false,
    "brand": "Awaadaw",
    "model": "Aw5wa",
    "serial_number": "wawwwawaaw",
    "termination_date": "2023-10-17",
    "deployment_date": "2018-10-13",
    "life_span": 5,
    "is_archived": false
  }
},
{
  "model": "itam.printer",
  "pk": 2,
  "fields": {
    "deployment_status": "Deployed",
    "termination_status": false,
    "brand": "Hththt",
    "model": "Htht",
    "serial_number": "htht",
    "termination_date": "2023-10-17",
    "deployment_date": "2018-10-13",
    "life_span": 5,
    "is_archived": false
  }
},
{
  "model": "itam.printer",
  "pk": 3,
  "fields": {
    "deployment_status": "Deployed",
    "termination_status": false,
    "brand": "We",
    "model": "We",
    "serial_number": "wewewe",
    "termination_date": "2023-10-19",
    "deployment_date": "2018-10-15",
    "life_span": 5,
    "is_archived": false
  }
},
{
  "model": "itam.scanner",
  "pk": 1,
  "fields": {
    "deployment_status": "Deployed",
    "termination_status": false,
    "brand": "Hehehehe",
    "model": "Hehehehes",
    "serial_number": "hehehehe",
    "termination_date": "2023-10-17",
    "deployment_date": "2018-10-13",
    "life_span": 5,
    "is_archived": false
  }
},
{
  "model": "itam.scanner",
  "pk": 2,
  "fields": {
    "deployment_status": "Undeployed",
    "termination_status": false,
    "brand": "Wwew",
    "model": "Ewewe",
    "serial_number": "wewe",
    "termination_date": "2023-10-17",
    "deployment_date": "2018-10-13",
    "life_span": 5,
    "is_archived": false
  }
},
{
  "model": "itam.computer",
  "pk": 1,
  "fields": {
    "deployment_status": "Deployed",
    "termination_status": false,
    "computer_id": "DSSD_D001",
    "hardware_type": "Desktop",
    "system_specs": "Hehe",
    "monitor": 1,
    "printer": 1,
    "scanner": 1,
    "base_license_os": "",
    "operating_system": 1,
    "microsoft_office": null,
    "spss": "",
    "libre_office": "",
    "open_office": "",
    "other_software": 1,
    "termination_date": "2023-10-16",
    "deployment_date": "2018-10-12",
    "life_span": 5,
    "location": 3,
    "is_server": false,
    "is_archived": false
  }
},
{
  "model": "itam.computer",
  "pk": 2,
  "fields": {
    "deployment_status": "Deployed",
    "termination_status": false,
    "computer_id": "HEHEHE",
    "hardware_type": "Desktop",
    "system_specs": "Hehehe",
    "monitor": 2,
    "printer": 3,
    "scanner": null,
    "base_license_os": "",
    "operating_system": null,
    "microsoft_office": null,
    "spss": "",
    "libre_office": "",
    "open_office": "",
    "other_software": null,
    "termination_date": "2023-10-16",
    "deployment_date": "2018-10-12",
    "life_span": 5,
    "location": 1,
    "is_server": false,
    "is_archived": false
  }
},
{
  "model": "itam.computer",
  "pk": 3,
  "fields": {
    "deployment_status": "Deployed",
    "termination_status": false,
    "computer_id": "LOLOLOLO",
    "hardware_type": "Desktop",
    "system_specs": "Ehehhezxc",
    "monitor": null,
    "printer": 2,
    "scanner": null,
    "base_license_os": "",
    "operating_system": null,
    "microsoft_office": null,
    "spss": "",
    "libre_office": "",
    "open_office": "",
    "other_software": null,
    "termination_date": "2023-10-19",
    "deployment_date": "2018-10-15",
    "life_span": 5,
    "location": 1,
    "is_server": false,
    "is_archived": false
  }
},
{
  "model": "itam.user",
  "pk": 1,
  "fields": {
    "password": "pbkdf2_sha256$100000$fUi9IFz8PEDy$L7ExsJqGJxIVTjaIa8fLplVnDGCdwi1IqN3y3GXq69M=",
    "last_login": "2018-10-13T21:36:41.411Z",
    "username": "admin",
    "email": "test@test.com",
    "first_name": "Aaron",
    "last_name": "Napay",
    "active": true,
    "staff": true,
    "admin": true
  }
},
{
  "model": "itam.user",
  "pk": 5,
  "fields": {
    "password": "pbkdf2_sha256$100000$CRcZDONXuys6$9s2zwGg5ZkgkK3wurGvHnvro+orj7dS7AbNxg/eJHE4=",
    "last_login": null,
    "username": "test",
    "email": "test@test.com",
    "first_name": "test",
    "last_name": "test",
    "active": true,
    "staff": false,
    "admin": false
  }
},
{
  "model": "itam.user",
  "pk": 6,
  "fields": {
    "password": "pbkdf2_sha256$100000$tJrfcx49NzVn$V0LPxuvOi8N+mGZkyA7Tm47UYLt6bhw1uBxXK8xF3dI=",
    "last_login": null,
    "username": "hehe",
    "email": "hehe@hehe.org",
    "first_name": "hehe",
    "last_name": "hehe",
    "active": true,
    "staff": false,
    "admin": false
  }
},
{
  "model": "sites.site",
  "pk": 1,
  "fields": {
    "domain": "example.com",
    "name": "example.com"
  }
},
{
  "model": "contenttypes.contenttype",
  "pk": 1,
  "fields": {
    "app_label": "itam",
    "model": "user"
  }
},
{
  "model": "contenttypes.contenttype",
  "pk": 2,
  "fields": {
    "app_label": "itam",
    "model": "computer"
  }
},
{
  "model": "contenttypes.contenttype",
  "pk": 3,
  "fields": {
    "app_label": "itam",
    "model": "location"
  }
},
{
  "model": "contenttypes.contenttype",
  "pk": 4,
  "fields": {
    "app_label": "itam",
    "model": "microsoftoffice"
  }
},
{
  "model": "contenttypes.contenttype",
  "pk": 5,
  "fields": {
    "app_label": "itam",
    "model": "monitor"
  }
},
{
  "model": "contenttypes.contenttype",
  "pk": 6,
  "fields": {
    "app_label": "itam",
    "model": "networkdevice"
  }
},
{
  "model": "contenttypes.contenttype",
  "pk": 7,
  "fields": {
    "app_label": "itam",
    "model": "operatingsystem"
  }
},
{
  "model": "contenttypes.contenttype",
  "pk": 8,
  "fields": {
    "app_label": "itam",
    "model": "othersoftware"
  }
},
{
  "model": "contenttypes.contenttype",
  "pk": 9,
  "fields": {
    "app_label": "itam",
    "model": "printer"
  }
},
{
  "model": "contenttypes.contenttype",
  "pk": 10,
  "fields": {
    "app_label": "itam",
    "model": "scanner"
  }
},
{
  "model": "contenttypes.contenttype",
  "pk": 11,
  "fields": {
    "app_label": "itam",
    "model": "sfp"
  }
},
{
  "model": "contenttypes.contenttype",
  "pk": 12,
  "fields": {
    "app_label": "admin",
    "model": "logentry"
  }
},
{
  "model": "contenttypes.contenttype",
  "pk": 13,
  "fields": {
    "app_label": "auth",
    "model": "permission"
  }
},
{
  "model": "contenttypes.contenttype",
  "pk": 14,
  "fields": {
    "app_label": "auth",
    "model": "group"
  }
},
{
  "model": "contenttypes.contenttype",
  "pk": 15,
  "fields": {
    "app_label": "sites",
    "model": "site"
  }
},
{
  "model": "contenttypes.contenttype",
  "pk": 16,
  "fields": {
    "app_label": "contenttypes",
    "model": "contenttype"
  }
},
{
  "model": "contenttypes.contenttype",
  "pk": 17,
  "fields": {
    "app_label": "sessions",
    "model": "session"
  }
},
{
  "model": "contenttypes.contenttype",
  "pk": 18,
  "fields": {
    "app_label": "notifications",
    "model": "notification"
  }
},
{
  "model": "contenttypes.contenttype",
  "pk": 19,
  "fields": {
    "app_label": "actstream",
    "model": "action"
  }
},
{
  "model": "contenttypes.contenttype",
  "pk": 20,
  "fields": {
    "app_label": "actstream",
    "model": "follow"
  }
},
{
  "model": "contenttypes.contenttype",
  "pk": 21,
  "fields": {
    "app_label": "itam",
    "model": "backup"
  }
},
{
  "model": "sessions.session",
  "pk": "6x37bg3ozisxf6ify0wgwrzvrk3lore3",
  "fields": {
    "session_data": "ZWQxNjQ5YTIxM2Q0YjI2MjU5ZmQ1NzFmMTVmOGVmNWVmMjNlZTk2Njp7fQ==",
    "expire_date": "2018-10-27T12:10:58.120Z"
  }
},
{
  "model": "sessions.session",
  "pk": "q6g6gpuwn5bqrwz6bwgitndc2ps37yzs",
  "fields": {
    "session_data": "OTNjYmFkNjA2NzM1NGRiOTMwMWY3ZDNkNThmN2U3YTdjMGZiYjhlNjp7Il9hdXRoX3VzZXJfaWQiOiIxIiwiX2F1dGhfdXNlcl9iYWNrZW5kIjoiZGphbmdvLmNvbnRyaWIuYXV0aC5iYWNrZW5kcy5Nb2RlbEJhY2tlbmQiLCJfYXV0aF91c2VyX2hhc2giOiIyYzg1MzdlYTQzNTQ2NDE4NDA1Mjc0NGQ3MTk1MGJlZDE5MjAzZDFjIn0=",
    "expire_date": "2018-10-27T21:36:41.411Z"
  }
},
{
  "model": "notifications.notification",
  "pk": 5,
  "fields": {
    "level": "info",
    "recipient": 1,
    "unread": false,
    "actor_content_type": 2,
    "actor_object_id": "1",
    "verb": "will be terminated on 2019-10-13",
    "description": null,
    "target_content_type": null,
    "target_object_id": null,
    "action_object_content_type": null,
    "action_object_object_id": null,
    "timestamp": "2018-10-13T12:19:05.836Z",
    "public": true,
    "deleted": false,
    "emailed": false,
    "data": null
  }
},
{
  "model": "notifications.notification",
  "pk": 6,
  "fields": {
    "level": "info",
    "recipient": 1,
    "unread": false,
    "actor_content_type": 8,
    "actor_object_id": "1",
    "verb": "will expire next year 2019-10-13",
    "description": null,
    "target_content_type": null,
    "target_object_id": null,
    "action_object_content_type": null,
    "action_object_object_id": null,
    "timestamp": "2018-10-13T12:34:02.661Z",
    "public": true,
    "deleted": false,
    "emailed": false,
    "data": null
  }
},
{
  "model": "actstream.action",
  "pk": 1,
  "fields": {
    "actor_content_type": 1,
    "actor_object_id": "1",
    "verb": "created",
    "description": null,
    "target_content_type": null,
    "target_object_id": null,
    "action_object_content_type": 2,
    "action_object_object_id": "1",
    "timestamp": "2018-10-13T12:00:54.930Z",
    "public": true
  }
},
{
  "model": "actstream.action",
  "pk": 2,
  "fields": {
    "actor_content_type": 1,
    "actor_object_id": "1",
    "verb": "created",
    "description": null,
    "target_content_type": null,
    "target_object_id": null,
    "action_object_content_type": 5,
    "action_object_object_id": "1",
    "timestamp": "2018-10-13T12:01:24.322Z",
    "public": true
  }
},
{
  "model": "actstream.action",
  "pk": 3,
  "fields": {
    "actor_content_type": 1,
    "actor_object_id": "1",
    "verb": "created",
    "description": null,
    "target_content_type": null,
    "target_object_id": null,
    "action_object_content_type": 9,
    "action_object_object_id": "1",
    "timestamp": "2018-10-13T12:01:38.596Z",
    "public": true
  }
},
{
  "model": "actstream.action",
  "pk": 4,
  "fields": {
    "actor_content_type": 1,
    "actor_object_id": "1",
    "verb": "created",
    "description": null,
    "target_content_type": null,
    "target_object_id": null,
    "action_object_content_type": 10,
    "action_object_object_id": "1",
    "timestamp": "2018-10-13T12:01:46.802Z",
    "public": true
  }
},
{
  "model": "actstream.action",
  "pk": 5,
  "fields": {
    "actor_content_type": 1,
    "actor_object_id": "1",
    "verb": "created",
    "description": null,
    "target_content_type": null,
    "target_object_id": null,
    "action_object_content_type": 7,
    "action_object_object_id": "1",
    "timestamp": "2018-10-13T12:02:07.479Z",
    "public": true
  }
},
{
  "model": "actstream.action",
  "pk": 6,
  "fields": {
    "actor_content_type": 1,
    "actor_object_id": "1",
    "verb": "created",
    "description": null,
    "target_content_type": null,
    "target_object_id": null,
    "action_object_content_type": 4,
    "action_object_object_id": "1",
    "timestamp": "2018-10-13T12:02:24.982Z",
    "public": true
  }
},
{
  "model": "actstream.action",
  "pk": 7,
  "fields": {
    "actor_content_type": 1,
    "actor_object_id": "1",
    "verb": "created",
    "description": null,
    "target_content_type": null,
    "target_object_id": null,
    "action_object_content_type": 8,
    "action_object_object_id": "1",
    "timestamp": "2018-10-13T12:02:33.781Z",
    "public": true
  }
},
{
  "model": "actstream.action",
  "pk": 8,
  "fields": {
    "actor_content_type": 1,
    "actor_object_id": "1",
    "verb": "updated",
    "description": null,
    "target_content_type": null,
    "target_object_id": null,
    "action_object_content_type": 2,
    "action_object_object_id": "1",
    "timestamp": "2018-10-13T12:02:44.851Z",
    "public": true
  }
},
{
  "model": "actstream.action",
  "pk": 9,
  "fields": {
    "actor_content_type": 1,
    "actor_object_id": "1",
    "verb": "updated",
    "description": null,
    "target_content_type": null,
    "target_object_id": null,
    "action_object_content_type": 5,
    "action_object_object_id": "1",
    "timestamp": "2018-10-13T12:04:52.877Z",
    "public": true
  }
},
{
  "model": "actstream.action",
  "pk": 10,
  "fields": {
    "actor_content_type": 1,
    "actor_object_id": "1",
    "verb": "updated",
    "description": null,
    "target_content_type": null,
    "target_object_id": null,
    "action_object_content_type": 2,
    "action_object_object_id": "1",
    "timestamp": "2018-10-13T12:07:16.858Z",
    "public": true
  }
},
{
  "model": "actstream.action",
  "pk": 11,
  "fields": {
    "actor_content_type": 1,
    "actor_object_id": "1",
    "verb": "created",
    "description": null,
    "target_content_type": null,
    "target_object_id": null,
    "action_object_content_type": 5,
    "action_object_object_id": "2",
    "timestamp": "2018-10-13T12:07:50.157Z",
    "public": true
  }
},
{
  "model": "actstream.action",
  "pk": 12,
  "fields": {
    "actor_content_type": 1,
    "actor_object_id": "1",
    "verb": "created",
    "description": null,
    "target_content_type": null,
    "target_object_id": null,
    "action_object_content_type": 2,
    "action_object_object_id": "2",
    "timestamp": "2018-10-13T12:07:56.362Z",
    "public": true
  }
},
{
  "model": "actstream.action",
  "pk": 13,
  "fields": {
    "actor_content_type": 1,
    "actor_object_id": "1",
    "verb": "updated",
    "description": null,
    "target_content_type": null,
    "target_object_id": null,
    "action_object_content_type": 9,
    "action_object_object_id": "1",
    "timestamp": "2018-10-13T12:08:13.053Z",
    "public": true
  }
},
{
  "model": "actstream.action",
  "pk": 14,
  "fields": {
    "actor_content_type": 1,
    "actor_object_id": "1",
    "verb": "updated",
    "description": null,
    "target_content_type": null,
    "target_object_id": null,
    "action_object_content_type": 10,
    "action_object_object_id": "1",
    "timestamp": "2018-10-13T12:08:16.622Z",
    "public": true
  }
},
{
  "model": "actstream.action",
  "pk": 15,
  "fields": {
    "actor_content_type": 1,
    "actor_object_id": "1",
    "verb": "updated",
    "description": null,
    "target_content_type": null,
    "target_object_id": null,
    "action_object_content_type": 2,
    "action_object_object_id": "1",
    "timestamp": "2018-10-13T12:10:51.252Z",
    "public": true
  }
},
{
  "model": "actstream.action",
  "pk": 16,
  "fields": {
    "actor_content_type": 1,
    "actor_object_id": "1",
    "verb": "updated",
    "description": null,
    "target_content_type": null,
    "target_object_id": null,
    "action_object_content_type": 8,
    "action_object_object_id": "1",
    "timestamp": "2018-10-13T12:15:32.912Z",
    "public": true
  }
},
{
  "model": "actstream.action",
  "pk": 17,
  "fields": {
    "actor_content_type": 1,
    "actor_object_id": "1",
    "verb": "updated",
    "description": null,
    "target_content_type": null,
    "target_object_id": null,
    "action_object_content_type": 2,
    "action_object_object_id": "1",
    "timestamp": "2018-10-13T12:20:16.728Z",
    "public": true
  }
},
{
  "model": "actstream.action",
  "pk": 18,
  "fields": {
    "actor_content_type": 1,
    "actor_object_id": "1",
    "verb": "updated",
    "description": null,
    "target_content_type": null,
    "target_object_id": null,
    "action_object_content_type": 8,
    "action_object_object_id": "1",
    "timestamp": "2018-10-13T12:33:45.314Z",
    "public": true
  }
},
{
  "model": "actstream.action",
  "pk": 19,
  "fields": {
    "actor_content_type": 1,
    "actor_object_id": "1",
    "verb": "updated",
    "description": null,
    "target_content_type": null,
    "target_object_id": null,
    "action_object_content_type": 8,
    "action_object_object_id": "1",
    "timestamp": "2018-10-13T12:33:55.489Z",
    "public": true
  }
},
{
  "model": "actstream.action",
  "pk": 20,
  "fields": {
    "actor_content_type": 1,
    "actor_object_id": "1",
    "verb": "created",
    "description": null,
    "target_content_type": null,
    "target_object_id": null,
    "action_object_content_type": 6,
    "action_object_object_id": "1",
    "timestamp": "2018-10-13T13:24:55.669Z",
    "public": true
  }
},
{
  "model": "actstream.action",
  "pk": 21,
  "fields": {
    "actor_content_type": 1,
    "actor_object_id": "1",
    "verb": "created",
    "description": null,
    "target_content_type": null,
    "target_object_id": null,
    "action_object_content_type": 3,
    "action_object_object_id": null,
    "timestamp": "2018-10-13T13:25:13.976Z",
    "public": true
  }
},
{
  "model": "actstream.action",
  "pk": 22,
  "fields": {
    "actor_content_type": 1,
    "actor_object_id": "1",
    "verb": "updated",
    "description": null,
    "target_content_type": null,
    "target_object_id": null,
    "action_object_content_type": 6,
    "action_object_object_id": "1",
    "timestamp": "2018-10-13T13:25:21.376Z",
    "public": true
  }
},
{
  "model": "actstream.action",
  "pk": 23,
  "fields": {
    "actor_content_type": 1,
    "actor_object_id": "1",
    "verb": "updated",
    "description": null,
    "target_content_type": null,
    "target_object_id": null,
    "action_object_content_type": 3,
    "action_object_object_id": "1",
    "timestamp": "2018-10-13T13:25:28.312Z",
    "public": true
  }
},
{
  "model": "actstream.action",
  "pk": 24,
  "fields": {
    "actor_content_type": 1,
    "actor_object_id": "1",
    "verb": "created",
    "description": null,
    "target_content_type": null,
    "target_object_id": null,
    "action_object_content_type": 11,
    "action_object_object_id": "1",
    "timestamp": "2018-10-13T13:26:07.234Z",
    "public": true
  }
},
{
  "model": "actstream.action",
  "pk": 25,
  "fields": {
    "actor_content_type": 1,
    "actor_object_id": "1",
    "verb": "updated",
    "description": null,
    "target_content_type": null,
    "target_object_id": null,
    "action_object_content_type": 8,
    "action_object_object_id": "1",
    "timestamp": "2018-10-13T13:28:03.689Z",
    "public": true
  }
},
{
  "model": "actstream.action",
  "pk": 26,
  "fields": {
    "actor_content_type": 1,
    "actor_object_id": "1",
    "verb": "archived",
    "description": null,
    "target_content_type": null,
    "target_object_id": null,
    "action_object_content_type": 4,
    "action_object_object_id": "1",
    "timestamp": "2018-10-13T13:49:20.578Z",
    "public": true
  }
},
{
  "model": "actstream.action",
  "pk": 27,
  "fields": {
    "actor_content_type": 1,
    "actor_object_id": "1",
    "verb": "updated",
    "description": null,
    "target_content_type": null,
    "target_object_id": null,
    "action_object_content_type": 8,
    "action_object_object_id": "1",
    "timestamp": "2018-10-13T13:51:53.284Z",
    "public": true
  }
},
{
  "model": "actstream.action",
  "pk": 28,
  "fields": {
    "actor_content_type": 1,
    "actor_object_id": "1",
    "verb": "created",
    "description": null,
    "target_content_type": null,
    "target_object_id": null,
    "action_object_content_type": 4,
    "action_object_object_id": "2",
    "timestamp": "2018-10-13T13:58:43.601Z",
    "public": true
  }
},
{
  "model": "actstream.action",
  "pk": 29,
  "fields": {
    "actor_content_type": 1,
    "actor_object_id": "1",
    "verb": "updated",
    "description": null,
    "target_content_type": null,
    "target_object_id": null,
    "action_object_content_type": 2,
    "action_object_object_id": "1",
    "timestamp": "2018-10-13T21:09:37.142Z",
    "public": true
  }
},
{
  "model": "actstream.action",
  "pk": 30,
  "fields": {
    "actor_content_type": 1,
    "actor_object_id": "1",
    "verb": "created",
    "description": null,
    "target_content_type": null,
    "target_object_id": null,
    "action_object_content_type": 3,
    "action_object_object_id": "2",
    "timestamp": "2018-10-13T21:47:13.393Z",
    "public": true
  }
},
{
  "model": "actstream.action",
  "pk": 31,
  "fields": {
    "actor_content_type": 1,
    "actor_object_id": "1",
    "verb": "updated",
    "description": null,
    "target_content_type": null,
    "target_object_id": null,
    "action_object_content_type": 3,
    "action_object_object_id": "2",
    "timestamp": "2018-10-13T21:48:39.424Z",
    "public": true
  }
},
{
  "model": "actstream.action",
  "pk": 32,
  "fields": {
    "actor_content_type": 1,
    "actor_object_id": "1",
    "verb": "created",
    "description": null,
    "target_content_type": null,
    "target_object_id": null,
    "action_object_content_type": 4,
    "action_object_object_id": "3",
    "timestamp": "2018-10-13T21:49:12.540Z",
    "public": true
  }
},
{
  "model": "actstream.action",
  "pk": 33,
  "fields": {
    "actor_content_type": 1,
    "actor_object_id": "1",
    "verb": "created",
    "description": null,
    "target_content_type": null,
    "target_object_id": null,
    "action_object_content_type": 7,
    "action_object_object_id": "2",
    "timestamp": "2018-10-13T21:49:39.254Z",
    "public": true
  }
},
{
  "model": "actstream.action",
  "pk": 34,
  "fields": {
    "actor_content_type": 1,
    "actor_object_id": "1",
    "verb": "updated",
    "description": null,
    "target_content_type": null,
    "target_object_id": null,
    "action_object_content_type": 7,
    "action_object_object_id": "2",
    "timestamp": "2018-10-13T21:50:08.016Z",
    "public": true
  }
},
{
  "model": "actstream.action",
  "pk": 35,
  "fields": {
    "actor_content_type": 1,
    "actor_object_id": "1",
    "verb": "updated",
    "description": null,
    "target_content_type": null,
    "target_object_id": null,
    "action_object_content_type": 4,
    "action_object_object_id": "2",
    "timestamp": "2018-10-13T21:50:11.854Z",
    "public": true
  }
},
{
  "model": "actstream.action",
  "pk": 36,
  "fields": {
    "actor_content_type": 1,
    "actor_object_id": "1",
    "verb": "updated",
    "description": null,
    "target_content_type": null,
    "target_object_id": null,
    "action_object_content_type": 8,
    "action_object_object_id": "1",
    "timestamp": "2018-10-13T21:50:15.762Z",
    "public": true
  }
},
{
  "model": "actstream.action",
  "pk": 37,
  "fields": {
    "actor_content_type": 1,
    "actor_object_id": "1",
    "verb": "updated",
    "description": null,
    "target_content_type": null,
    "target_object_id": null,
    "action_object_content_type": 6,
    "action_object_object_id": "1",
    "timestamp": "2018-10-13T21:50:21.237Z",
    "public": true
  }
},
{
  "model": "actstream.action",
  "pk": 38,
  "fields": {
    "actor_content_type": 1,
    "actor_object_id": "1",
    "verb": "updated",
    "description": null,
    "target_content_type": null,
    "target_object_id": null,
    "action_object_content_type": 11,
    "action_object_object_id": "1",
    "timestamp": "2018-10-13T21:50:25.391Z",
    "public": true
  }
},
{
  "model": "actstream.action",
  "pk": 39,
  "fields": {
    "actor_content_type": 1,
    "actor_object_id": "1",
    "verb": "updated",
    "description": null,
    "target_content_type": null,
    "target_object_id": null,
    "action_object_content_type": 2,
    "action_object_object_id": "2",
    "timestamp": "2018-10-13T21:50:30.049Z",
    "public": true
  }
},
{
  "model": "actstream.action",
  "pk": 40,
  "fields": {
    "actor_content_type": 1,
    "actor_object_id": "1",
    "verb": "updated",
    "description": null,
    "target_content_type": null,
    "target_object_id": null,
    "action_object_content_type": 5,
    "action_object_object_id": "2",
    "timestamp": "2018-10-13T21:50:33.503Z",
    "public": true
  }
},
{
  "model": "actstream.action",
  "pk": 41,
  "fields": {
    "actor_content_type": 1,
    "actor_object_id": "1",
    "verb": "updated",
    "description": null,
    "target_content_type": null,
    "target_object_id": null,
    "action_object_content_type": 9,
    "action_object_object_id": "1",
    "timestamp": "2018-10-13T21:50:36.271Z",
    "public": true
  }
},
{
  "model": "actstream.action",
  "pk": 42,
  "fields": {
    "actor_content_type": 1,
    "actor_object_id": "1",
    "verb": "updated",
    "description": null,
    "target_content_type": null,
    "target_object_id": null,
    "action_object_content_type": 10,
    "action_object_object_id": "1",
    "timestamp": "2018-10-13T21:50:39.383Z",
    "public": true
  }
},
{
  "model": "actstream.action",
  "pk": 43,
  "fields": {
    "actor_content_type": 1,
    "actor_object_id": "1",
    "verb": "created",
    "description": null,
    "target_content_type": null,
    "target_object_id": null,
    "action_object_content_type": 10,
    "action_object_object_id": "2",
    "timestamp": "2018-10-13T21:50:50.052Z",
    "public": true
  }
},
{
  "model": "actstream.action",
  "pk": 44,
  "fields": {
    "actor_content_type": 1,
    "actor_object_id": "1",
    "verb": "created",
    "description": null,
    "target_content_type": null,
    "target_object_id": null,
    "action_object_content_type": 9,
    "action_object_object_id": "2",
    "timestamp": "2018-10-13T21:50:57.069Z",
    "public": true
  }
},
{
  "model": "actstream.action",
  "pk": 45,
  "fields": {
    "actor_content_type": 1,
    "actor_object_id": "1",
    "verb": "created",
    "description": null,
    "target_content_type": null,
    "target_object_id": null,
    "action_object_content_type": 5,
    "action_object_object_id": "3",
    "timestamp": "2018-10-13T21:51:03.692Z",
    "public": true
  }
},
{
  "model": "actstream.action",
  "pk": 46,
  "fields": {
    "actor_content_type": 1,
    "actor_object_id": "1",
    "verb": "updated",
    "description": null,
    "target_content_type": null,
    "target_object_id": null,
    "action_object_content_type": 2,
    "action_object_object_id": "2",
    "timestamp": "2018-10-14T07:36:55.889Z",
    "public": true
  }
},
{
  "model": "actstream.action",
  "pk": 47,
  "fields": {
    "actor_content_type": 1,
    "actor_object_id": "1",
    "verb": "updated",
    "description": null,
    "target_content_type": null,
    "target_object_id": null,
    "action_object_content_type": 2,
    "action_object_object_id": "2",
    "timestamp": "2018-10-14T07:37:05.405Z",
    "public": true
  }
},
{
  "model": "actstream.action",
  "pk": 48,
  "fields": {
    "actor_content_type": 1,
    "actor_object_id": "1",
    "verb": "updated",
    "description": null,
    "target_content_type": null,
    "target_object_id": null,
    "action_object_content_type": 2,
    "action_object_object_id": "1",
    "timestamp": "2018-10-14T08:15:09.667Z",
    "public": true
  }
},
{
  "model": "actstream.action",
  "pk": 49,
  "fields": {
    "actor_content_type": 1,
    "actor_object_id": "1",
    "verb": "archived",
    "description": null,
    "target_content_type": null,
    "target_object_id": null,
    "action_object_content_type": 2,
    "action_object_object_id": "1",
    "timestamp": "2018-10-14T10:35:49.596Z",
    "public": true
  }
},
{
  "model": "actstream.action",
  "pk": 50,
  "fields": {
    "actor_content_type": 1,
    "actor_object_id": "1",
    "verb": "unarchived",
    "description": null,
    "target_content_type": null,
    "target_object_id": null,
    "action_object_content_type": 2,
    "action_object_object_id": "1",
    "timestamp": "2018-10-14T10:36:06.452Z",
    "public": true
  }
},
{
  "model": "actstream.action",
  "pk": 51,
  "fields": {
    "actor_content_type": 1,
    "actor_object_id": "1",
    "verb": "updated",
    "description": null,
    "target_content_type": null,
    "target_object_id": null,
    "action_object_content_type": 2,
    "action_object_object_id": "1",
    "timestamp": "2018-10-14T10:47:13.817Z",
    "public": true
  }
},
{
  "model": "actstream.action",
  "pk": 52,
  "fields": {
    "actor_content_type": 1,
    "actor_object_id": "1",
    "verb": "updated",
    "description": null,
    "target_content_type": null,
    "target_object_id": null,
    "action_object_content_type": 5,
    "action_object_object_id": "3",
    "timestamp": "2018-10-14T10:56:26.593Z",
    "public": true
  }
},
{
  "model": "actstream.action",
  "pk": 53,
  "fields": {
    "actor_content_type": 1,
    "actor_object_id": "1",
    "verb": "updated",
    "description": null,
    "target_content_type": null,
    "target_object_id": null,
    "action_object_content_type": 5,
    "action_object_object_id": "3",
    "timestamp": "2018-10-14T11:01:51.542Z",
    "public": true
  }
},
{
  "model": "actstream.action",
  "pk": 54,
  "fields": {
    "actor_content_type": 1,
    "actor_object_id": "1",
    "verb": "updated",
    "description": null,
    "target_content_type": null,
    "target_object_id": null,
    "action_object_content_type": 6,
    "action_object_object_id": "1",
    "timestamp": "2018-10-14T12:49:51.230Z",
    "public": true
  }
},
{
  "model": "actstream.action",
  "pk": 55,
  "fields": {
    "actor_content_type": 1,
    "actor_object_id": "1",
    "verb": "updated",
    "description": null,
    "target_content_type": null,
    "target_object_id": null,
    "action_object_content_type": 5,
    "action_object_object_id": "3",
    "timestamp": "2018-10-14T13:04:24.616Z",
    "public": true
  }
},
{
  "model": "actstream.action",
  "pk": 56,
  "fields": {
    "actor_content_type": 1,
    "actor_object_id": "1",
    "verb": "updated",
    "description": null,
    "target_content_type": null,
    "target_object_id": null,
    "action_object_content_type": 10,
    "action_object_object_id": "2",
    "timestamp": "2018-10-14T13:24:30.365Z",
    "public": true
  }
},
{
  "model": "actstream.action",
  "pk": 57,
  "fields": {
    "actor_content_type": 1,
    "actor_object_id": "1",
    "verb": "updated",
    "description": null,
    "target_content_type": null,
    "target_object_id": null,
    "action_object_content_type": 10,
    "action_object_object_id": "2",
    "timestamp": "2018-10-14T13:26:13.505Z",
    "public": true
  }
},
{
  "model": "actstream.action",
  "pk": 58,
  "fields": {
    "actor_content_type": 1,
    "actor_object_id": "1",
    "verb": "updated",
    "description": null,
    "target_content_type": null,
    "target_object_id": null,
    "action_object_content_type": 2,
    "action_object_object_id": "1",
    "timestamp": "2018-10-14T13:26:49.889Z",
    "public": true
  }
},
{
  "model": "actstream.action",
  "pk": 59,
  "fields": {
    "actor_content_type": 1,
    "actor_object_id": "1",
    "verb": "updated",
    "description": null,
    "target_content_type": null,
    "target_object_id": null,
    "action_object_content_type": 9,
    "action_object_object_id": "2",
    "timestamp": "2018-10-14T13:27:57.059Z",
    "public": true
  }
},
{
  "model": "actstream.action",
  "pk": 60,
  "fields": {
    "actor_content_type": 1,
    "actor_object_id": "1",
    "verb": "updated",
    "description": null,
    "target_content_type": null,
    "target_object_id": null,
    "action_object_content_type": 9,
    "action_object_object_id": "2",
    "timestamp": "2018-10-14T13:28:00.913Z",
    "public": true
  }
},
{
  "model": "actstream.action",
  "pk": 61,
  "fields": {
    "actor_content_type": 1,
    "actor_object_id": "1",
    "verb": "updated",
    "description": null,
    "target_content_type": null,
    "target_object_id": null,
    "action_object_content_type": 11,
    "action_object_object_id": "1",
    "timestamp": "2018-10-14T16:09:59.746Z",
    "public": true
  }
},
{
  "model": "actstream.action",
  "pk": 62,
  "fields": {
    "actor_content_type": 1,
    "actor_object_id": "1",
    "verb": "created",
    "description": null,
    "target_content_type": null,
    "target_object_id": null,
    "action_object_content_type": 2,
    "action_object_object_id": "3",
    "timestamp": "2018-10-14T17:12:47.116Z",
    "public": true
  }
},
{
  "model": "actstream.action",
  "pk": 63,
  "fields": {
    "actor_content_type": 1,
    "actor_object_id": "1",
    "verb": "created",
    "description": null,
    "target_content_type": null,
    "target_object_id": null,
    "action_object_content_type": 3,
    "action_object_object_id": null,
    "timestamp": "2018-10-14T17:13:50.237Z",
    "public": true
  }
},
{
  "model": "actstream.action",
  "pk": 64,
  "fields": {
    "actor_content_type": 1,
    "actor_object_id": "1",
    "verb": "updated",
    "description": null,
    "target_content_type": null,
    "target_object_id": null,
    "action_object_content_type": 2,
    "action_object_object_id": "3",
    "timestamp": "2018-10-14T17:13:51.973Z",
    "public": true
  }
},
{
  "model": "actstream.action",
  "pk": 65,
  "fields": {
    "actor_content_type": 1,
    "actor_object_id": "1",
    "verb": "created",
    "description": null,
    "target_content_type": null,
    "target_object_id": null,
    "action_object_content_type": 6,
    "action_object_object_id": "2",
    "timestamp": "2018-10-14T17:17:44.024Z",
    "public": true
  }
},
{
  "model": "actstream.action",
  "pk": 66,
  "fields": {
    "actor_content_type": 1,
    "actor_object_id": "1",
    "verb": "updated",
    "description": null,
    "target_content_type": null,
    "target_object_id": null,
    "action_object_content_type": 6,
    "action_object_object_id": "2",
    "timestamp": "2018-10-14T17:18:17.332Z",
    "public": true
  }
},
{
  "model": "actstream.action",
  "pk": 67,
  "fields": {
    "actor_content_type": 1,
    "actor_object_id": "1",
    "verb": "updated",
    "description": null,
    "target_content_type": null,
    "target_object_id": null,
    "action_object_content_type": 6,
    "action_object_object_id": "2",
    "timestamp": "2018-10-14T17:20:31.622Z",
    "public": true
  }
},
{
  "model": "actstream.action",
  "pk": 68,
  "fields": {
    "actor_content_type": 1,
    "actor_object_id": "1",
    "verb": "updated",
    "description": null,
    "target_content_type": null,
    "target_object_id": null,
    "action_object_content_type": 6,
    "action_object_object_id": "2",
    "timestamp": "2018-10-14T17:20:50.697Z",
    "public": true
  }
},
{
  "model": "actstream.action",
  "pk": 69,
  "fields": {
    "actor_content_type": 1,
    "actor_object_id": "1",
    "verb": "updated",
    "description": null,
    "target_content_type": null,
    "target_object_id": null,
    "action_object_content_type": 2,
    "action_object_object_id": "3",
    "timestamp": "2018-10-14T17:26:35.748Z",
    "public": true
  }
},
{
  "model": "actstream.action",
  "pk": 70,
  "fields": {
    "actor_content_type": 1,
    "actor_object_id": "1",
    "verb": "updated",
    "description": null,
    "target_content_type": null,
    "target_object_id": null,
    "action_object_content_type": 2,
    "action_object_object_id": "3",
    "timestamp": "2018-10-14T17:26:42.022Z",
    "public": true
  }
},
{
  "model": "actstream.action",
  "pk": 71,
  "fields": {
    "actor_content_type": 1,
    "actor_object_id": "1",
    "verb": "created",
    "description": null,
    "target_content_type": null,
    "target_object_id": null,
    "action_object_content_type": 9,
    "action_object_object_id": "3",
    "timestamp": "2018-10-14T17:27:14.942Z",
    "public": true
  }
},
{
  "model": "actstream.action",
  "pk": 72,
  "fields": {
    "actor_content_type": 1,
    "actor_object_id": "1",
    "verb": "updated",
    "description": null,
    "target_content_type": null,
    "target_object_id": null,
    "action_object_content_type": 2,
    "action_object_object_id": "2",
    "timestamp": "2018-10-14T17:27:16.616Z",
    "public": true
  }
},
{
  "model": "actstream.action",
  "pk": 73,
  "fields": {
    "actor_content_type": 1,
    "actor_object_id": "1",
    "verb": "updated",
    "description": null,
    "target_content_type": null,
    "target_object_id": null,
    "action_object_content_type": 2,
    "action_object_object_id": "1",
    "timestamp": "2018-10-14T17:27:48.054Z",
    "public": true
  }
},
{
  "model": "actstream.action",
  "pk": 74,
  "fields": {
    "actor_content_type": 1,
    "actor_object_id": "1",
    "verb": "updated",
    "description": null,
    "target_content_type": null,
    "target_object_id": null,
    "action_object_content_type": 8,
    "action_object_object_id": "1",
    "timestamp": "2018-10-14T18:34:50.089Z",
    "public": true
  }
},
{
  "model": "actstream.action",
  "pk": 75,
  "fields": {
    "actor_content_type": 1,
    "actor_object_id": "1",
    "verb": "archived",
    "description": null,
    "target_content_type": null,
    "target_object_id": null,
    "action_object_content_type": 5,
    "action_object_object_id": "3",
    "timestamp": "2018-10-14T18:44:46.672Z",
    "public": true
  }
},
{
  "model": "actstream.action",
  "pk": 76,
  "fields": {
    "actor_content_type": 1,
    "actor_object_id": "1",
    "verb": "updated",
    "description": null,
    "target_content_type": null,
    "target_object_id": null,
    "action_object_content_type": 5,
    "action_object_object_id": "2",
    "timestamp": "2018-10-14T18:45:20.126Z",
    "public": true
  }
},
{
  "model": "actstream.action",
  "pk": 77,
  "fields": {
    "actor_content_type": 1,
    "actor_object_id": "1",
    "verb": "updated",
    "description": null,
    "target_content_type": null,
    "target_object_id": null,
    "action_object_content_type": 9,
    "action_object_object_id": "2",
    "timestamp": "2018-10-14T18:46:31.331Z",
    "public": true
  }
},
{
  "model": "actstream.action",
  "pk": 78,
  "fields": {
    "actor_content_type": 1,
    "actor_object_id": "1",
    "verb": "updated",
    "description": null,
    "target_content_type": null,
    "target_object_id": null,
    "action_object_content_type": 5,
    "action_object_object_id": "2",
    "timestamp": "2018-10-14T18:46:38.897Z",
    "public": true
  }
},
{
  "model": "actstream.action",
  "pk": 79,
  "fields": {
    "actor_content_type": 1,
    "actor_object_id": "1",
    "verb": "updated",
    "description": null,
    "target_content_type": null,
    "target_object_id": null,
    "action_object_content_type": 2,
    "action_object_object_id": "1",
    "timestamp": "2018-10-14T18:46:45.075Z",
    "public": true
  }
},
{
  "model": "actstream.action",
  "pk": 80,
  "fields": {
    "actor_content_type": 1,
    "actor_object_id": "1",
    "verb": "updated",
    "description": null,
    "target_content_type": null,
    "target_object_id": null,
    "action_object_content_type": 10,
    "action_object_object_id": "2",
    "timestamp": "2018-10-14T18:46:49.830Z",
    "public": true
  }
},
{
  "model": "actstream.action",
  "pk": 81,
  "fields": {
    "actor_content_type": 1,
    "actor_object_id": "1",
    "verb": "deleted DSSD_D001",
    "description": null,
    "target_content_type": null,
    "target_object_id": null,
    "action_object_content_type": null,
    "action_object_object_id": null,
    "timestamp": "2018-10-14T22:26:20.200Z",
    "public": true
  }
},
{
  "model": "actstream.action",
  "pk": 82,
  "fields": {
    "actor_content_type": 1,
    "actor_object_id": "1",
    "verb": "updated",
    "description": null,
    "target_content_type": null,
    "target_object_id": null,
    "action_object_content_type": 3,
    "action_object_object_id": "3",
    "timestamp": "2018-10-14T22:29:26.305Z",
    "public": true
  }
},
{
  "model": "actstream.action",
  "pk": 83,
  "fields": {
    "actor_content_type": 1,
    "actor_object_id": "1",
    "verb": "created",
    "description": null,
    "target_content_type": null,
    "target_object_id": null,
    "action_object_content_type": 3,
    "action_object_object_id": "4",
    "timestamp": "2018-10-14T22:29:30.971Z",
    "public": true
  }
},
{
  "model": "actstream.action",
  "pk": 84,
  "fields": {
    "actor_content_type": 1,
    "actor_object_id": "1",
    "verb": "deleted DSSD_D001",
    "description": null,
    "target_content_type": null,
    "target_object_id": null,
    "action_object_content_type": null,
    "action_object_object_id": null,
    "timestamp": "2018-10-14T23:01:21.782Z",
    "public": true
  }
},
{
  "model": "auth.permission",
  "pk": 1,
  "fields": {
    "name": "Can add user",
    "content_type": 1,
    "codename": "add_user"
  }
},
{
  "model": "auth.permission",
  "pk": 2,
  "fields": {
    "name": "Can change user",
    "content_type": 1,
    "codename": "change_user"
  }
},
{
  "model": "auth.permission",
  "pk": 3,
  "fields": {
    "name": "Can delete user",
    "content_type": 1,
    "codename": "delete_user"
  }
},
{
  "model": "auth.permission",
  "pk": 4,
  "fields": {
    "name": "Can add computer",
    "content_type": 2,
    "codename": "add_computer"
  }
},
{
  "model": "auth.permission",
  "pk": 5,
  "fields": {
    "name": "Can change computer",
    "content_type": 2,
    "codename": "change_computer"
  }
},
{
  "model": "auth.permission",
  "pk": 6,
  "fields": {
    "name": "Can delete computer",
    "content_type": 2,
    "codename": "delete_computer"
  }
},
{
  "model": "auth.permission",
  "pk": 7,
  "fields": {
    "name": "Can add location",
    "content_type": 3,
    "codename": "add_location"
  }
},
{
  "model": "auth.permission",
  "pk": 8,
  "fields": {
    "name": "Can change location",
    "content_type": 3,
    "codename": "change_location"
  }
},
{
  "model": "auth.permission",
  "pk": 9,
  "fields": {
    "name": "Can delete location",
    "content_type": 3,
    "codename": "delete_location"
  }
},
{
  "model": "auth.permission",
  "pk": 10,
  "fields": {
    "name": "Can add microsoft office",
    "content_type": 4,
    "codename": "add_microsoftoffice"
  }
},
{
  "model": "auth.permission",
  "pk": 11,
  "fields": {
    "name": "Can change microsoft office",
    "content_type": 4,
    "codename": "change_microsoftoffice"
  }
},
{
  "model": "auth.permission",
  "pk": 12,
  "fields": {
    "name": "Can delete microsoft office",
    "content_type": 4,
    "codename": "delete_microsoftoffice"
  }
},
{
  "model": "auth.permission",
  "pk": 13,
  "fields": {
    "name": "Can add monitor",
    "content_type": 5,
    "codename": "add_monitor"
  }
},
{
  "model": "auth.permission",
  "pk": 14,
  "fields": {
    "name": "Can change monitor",
    "content_type": 5,
    "codename": "change_monitor"
  }
},
{
  "model": "auth.permission",
  "pk": 15,
  "fields": {
    "name": "Can delete monitor",
    "content_type": 5,
    "codename": "delete_monitor"
  }
},
{
  "model": "auth.permission",
  "pk": 16,
  "fields": {
    "name": "Can add network device",
    "content_type": 6,
    "codename": "add_networkdevice"
  }
},
{
  "model": "auth.permission",
  "pk": 17,
  "fields": {
    "name": "Can change network device",
    "content_type": 6,
    "codename": "change_networkdevice"
  }
},
{
  "model": "auth.permission",
  "pk": 18,
  "fields": {
    "name": "Can delete network device",
    "content_type": 6,
    "codename": "delete_networkdevice"
  }
},
{
  "model": "auth.permission",
  "pk": 19,
  "fields": {
    "name": "Can add operating system",
    "content_type": 7,
    "codename": "add_operatingsystem"
  }
},
{
  "model": "auth.permission",
  "pk": 20,
  "fields": {
    "name": "Can change operating system",
    "content_type": 7,
    "codename": "change_operatingsystem"
  }
},
{
  "model": "auth.permission",
  "pk": 21,
  "fields": {
    "name": "Can delete operating system",
    "content_type": 7,
    "codename": "delete_operatingsystem"
  }
},
{
  "model": "auth.permission",
  "pk": 22,
  "fields": {
    "name": "Can add other software",
    "content_type": 8,
    "codename": "add_othersoftware"
  }
},
{
  "model": "auth.permission",
  "pk": 23,
  "fields": {
    "name": "Can change other software",
    "content_type": 8,
    "codename": "change_othersoftware"
  }
},
{
  "model": "auth.permission",
  "pk": 24,
  "fields": {
    "name": "Can delete other software",
    "content_type": 8,
    "codename": "delete_othersoftware"
  }
},
{
  "model": "auth.permission",
  "pk": 25,
  "fields": {
    "name": "Can add printer",
    "content_type": 9,
    "codename": "add_printer"
  }
},
{
  "model": "auth.permission",
  "pk": 26,
  "fields": {
    "name": "Can change printer",
    "content_type": 9,
    "codename": "change_printer"
  }
},
{
  "model": "auth.permission",
  "pk": 27,
  "fields": {
    "name": "Can delete printer",
    "content_type": 9,
    "codename": "delete_printer"
  }
},
{
  "model": "auth.permission",
  "pk": 28,
  "fields": {
    "name": "Can add scanner",
    "content_type": 10,
    "codename": "add_scanner"
  }
},
{
  "model": "auth.permission",
  "pk": 29,
  "fields": {
    "name": "Can change scanner",
    "content_type": 10,
    "codename": "change_scanner"
  }
},
{
  "model": "auth.permission",
  "pk": 30,
  "fields": {
    "name": "Can delete scanner",
    "content_type": 10,
    "codename": "delete_scanner"
  }
},
{
  "model": "auth.permission",
  "pk": 31,
  "fields": {
    "name": "Can add sfp",
    "content_type": 11,
    "codename": "add_sfp"
  }
},
{
  "model": "auth.permission",
  "pk": 32,
  "fields": {
    "name": "Can change sfp",
    "content_type": 11,
    "codename": "change_sfp"
  }
},
{
  "model": "auth.permission",
  "pk": 33,
  "fields": {
    "name": "Can delete sfp",
    "content_type": 11,
    "codename": "delete_sfp"
  }
},
{
  "model": "auth.permission",
  "pk": 34,
  "fields": {
    "name": "Can add log entry",
    "content_type": 12,
    "codename": "add_logentry"
  }
},
{
  "model": "auth.permission",
  "pk": 35,
  "fields": {
    "name": "Can change log entry",
    "content_type": 12,
    "codename": "change_logentry"
  }
},
{
  "model": "auth.permission",
  "pk": 36,
  "fields": {
    "name": "Can delete log entry",
    "content_type": 12,
    "codename": "delete_logentry"
  }
},
{
  "model": "auth.permission",
  "pk": 37,
  "fields": {
    "name": "Can add permission",
    "content_type": 13,
    "codename": "add_permission"
  }
},
{
  "model": "auth.permission",
  "pk": 38,
  "fields": {
    "name": "Can change permission",
    "content_type": 13,
    "codename": "change_permission"
  }
},
{
  "model": "auth.permission",
  "pk": 39,
  "fields": {
    "name": "Can delete permission",
    "content_type": 13,
    "codename": "delete_permission"
  }
},
{
  "model": "auth.permission",
  "pk": 40,
  "fields": {
    "name": "Can add group",
    "content_type": 14,
    "codename": "add_group"
  }
},
{
  "model": "auth.permission",
  "pk": 41,
  "fields": {
    "name": "Can change group",
    "content_type": 14,
    "codename": "change_group"
  }
},
{
  "model": "auth.permission",
  "pk": 42,
  "fields": {
    "name": "Can delete group",
    "content_type": 14,
    "codename": "delete_group"
  }
},
{
  "model": "auth.permission",
  "pk": 43,
  "fields": {
    "name": "Can add site",
    "content_type": 15,
    "codename": "add_site"
  }
},
{
  "model": "auth.permission",
  "pk": 44,
  "fields": {
    "name": "Can change site",
    "content_type": 15,
    "codename": "change_site"
  }
},
{
  "model": "auth.permission",
  "pk": 45,
  "fields": {
    "name": "Can delete site",
    "content_type": 15,
    "codename": "delete_site"
  }
},
{
  "model": "auth.permission",
  "pk": 46,
  "fields": {
    "name": "Can add content type",
    "content_type": 16,
    "codename": "add_contenttype"
  }
},
{
  "model": "auth.permission",
  "pk": 47,
  "fields": {
    "name": "Can change content type",
    "content_type": 16,
    "codename": "change_contenttype"
  }
},
{
  "model": "auth.permission",
  "pk": 48,
  "fields": {
    "name": "Can delete content type",
    "content_type": 16,
    "codename": "delete_contenttype"
  }
},
{
  "model": "auth.permission",
  "pk": 49,
  "fields": {
    "name": "Can add session",
    "content_type": 17,
    "codename": "add_session"
  }
},
{
  "model": "auth.permission",
  "pk": 50,
  "fields": {
    "name": "Can change session",
    "content_type": 17,
    "codename": "change_session"
  }
},
{
  "model": "auth.permission",
  "pk": 51,
  "fields": {
    "name": "Can delete session",
    "content_type": 17,
    "codename": "delete_session"
  }
},
{
  "model": "auth.permission",
  "pk": 52,
  "fields": {
    "name": "Can add notification",
    "content_type": 18,
    "codename": "add_notification"
  }
},
{
  "model": "auth.permission",
  "pk": 53,
  "fields": {
    "name": "Can change notification",
    "content_type": 18,
    "codename": "change_notification"
  }
},
{
  "model": "auth.permission",
  "pk": 54,
  "fields": {
    "name": "Can delete notification",
    "content_type": 18,
    "codename": "delete_notification"
  }
},
{
  "model": "auth.permission",
  "pk": 55,
  "fields": {
    "name": "Can add action",
    "content_type": 19,
    "codename": "add_action"
  }
},
{
  "model": "auth.permission",
  "pk": 56,
  "fields": {
    "name": "Can change action",
    "content_type": 19,
    "codename": "change_action"
  }
},
{
  "model": "auth.permission",
  "pk": 57,
  "fields": {
    "name": "Can delete action",
    "content_type": 19,
    "codename": "delete_action"
  }
},
{
  "model": "auth.permission",
  "pk": 58,
  "fields": {
    "name": "Can add follow",
    "content_type": 20,
    "codename": "add_follow"
  }
},
{
  "model": "auth.permission",
  "pk": 59,
  "fields": {
    "name": "Can change follow",
    "content_type": 20,
    "codename": "change_follow"
  }
},
{
  "model": "auth.permission",
  "pk": 60,
  "fields": {
    "name": "Can delete follow",
    "content_type": 20,
    "codename": "delete_follow"
  }
},
{
  "model": "auth.permission",
  "pk": 61,
  "fields": {
    "name": "Can add backup",
    "content_type": 21,
    "codename": "add_backup"
  }
},
{
  "model": "auth.permission",
  "pk": 62,
  "fields": {
    "name": "Can change backup",
    "content_type": 21,
    "codename": "change_backup"
  }
},
{
  "model": "auth.permission",
  "pk": 63,
  "fields": {
    "name": "Can delete backup",
    "content_type": 21,
    "codename": "delete_backup"
  }
},
{
  "model": "admin.logentry",
  "pk": 1,
  "fields": {
    "action_time": "2018-10-13T18:26:25.841Z",
    "user": 1,
    "content_type": 21,
    "object_id": "5",
    "object_repr": "5",
    "action_flag": 1,
    "change_message": "[{\"added\": {}}]"
  }
},
{
  "model": "admin.logentry",
  "pk": 2,
  "fields": {
    "action_time": "2018-10-13T18:29:05.834Z",
    "user": 1,
    "content_type": 21,
    "object_id": "6",
    "object_repr": "6",
    "action_flag": 1,
    "change_message": "[{\"added\": {}}]"
  }
},
{
  "model": "admin.logentry",
  "pk": 3,
  "fields": {
    "action_time": "2018-10-13T18:39:26.739Z",
    "user": 1,
    "content_type": 21,
    "object_id": "5",
    "object_repr": "5",
    "action_flag": 2,
    "change_message": "[{\"changed\": {\"fields\": [\"backup_file\"]}}]"
  }
},
{
  "model": "admin.logentry",
  "pk": 4,
  "fields": {
    "action_time": "2018-10-13T18:47:01.540Z",
    "user": 1,
    "content_type": 21,
    "object_id": "12",
    "object_repr": "12",
    "action_flag": 3,
    "change_message": ""
  }
},
{
  "model": "admin.logentry",
  "pk": 5,
  "fields": {
    "action_time": "2018-10-13T18:47:08.057Z",
    "user": 1,
    "content_type": 21,
    "object_id": "11",
    "object_repr": "11",
    "action_flag": 3,
    "change_message": ""
  }
},
{
  "model": "admin.logentry",
  "pk": 6,
  "fields": {
    "action_time": "2018-10-13T18:47:08.061Z",
    "user": 1,
    "content_type": 21,
    "object_id": "10",
    "object_repr": "10",
    "action_flag": 3,
    "change_message": ""
  }
},
{
  "model": "admin.logentry",
  "pk": 7,
  "fields": {
    "action_time": "2018-10-13T18:47:08.063Z",
    "user": 1,
    "content_type": 21,
    "object_id": "9",
    "object_repr": "9",
    "action_flag": 3,
    "change_message": ""
  }
},
{
  "model": "admin.logentry",
  "pk": 8,
  "fields": {
    "action_time": "2018-10-13T18:47:08.069Z",
    "user": 1,
    "content_type": 21,
    "object_id": "8",
    "object_repr": "8",
    "action_flag": 3,
    "change_message": ""
  }
},
{
  "model": "admin.logentry",
  "pk": 9,
  "fields": {
    "action_time": "2018-10-13T18:47:08.071Z",
    "user": 1,
    "content_type": 21,
    "object_id": "7",
    "object_repr": "7",
    "action_flag": 3,
    "change_message": ""
  }
},
{
  "model": "admin.logentry",
  "pk": 10,
  "fields": {
    "action_time": "2018-10-13T18:47:08.073Z",
    "user": 1,
    "content_type": 21,
    "object_id": "6",
    "object_repr": "6",
    "action_flag": 3,
    "change_message": ""
  }
},
{
  "model": "admin.logentry",
  "pk": 11,
  "fields": {
    "action_time": "2018-10-13T18:47:08.075Z",
    "user": 1,
    "content_type": 21,
    "object_id": "5",
    "object_repr": "5",
    "action_flag": 3,
    "change_message": ""
  }
},
{
  "model": "admin.logentry",
  "pk": 12,
  "fields": {
    "action_time": "2018-10-13T20:10:36.432Z",
    "user": 1,
    "content_type": 21,
    "object_id": "30",
    "object_repr": "30",
    "action_flag": 3,
    "change_message": ""
  }
},
{
  "model": "admin.logentry",
  "pk": 13,
  "fields": {
    "action_time": "2018-10-13T20:10:36.462Z",
    "user": 1,
    "content_type": 21,
    "object_id": "29",
    "object_repr": "29",
    "action_flag": 3,
    "change_message": ""
  }
},
{
  "model": "admin.logentry",
  "pk": 14,
  "fields": {
    "action_time": "2018-10-13T20:10:36.472Z",
    "user": 1,
    "content_type": 21,
    "object_id": "28",
    "object_repr": "28",
    "action_flag": 3,
    "change_message": ""
  }
},
{
  "model": "admin.logentry",
  "pk": 15,
  "fields": {
    "action_time": "2018-10-13T20:10:36.472Z",
    "user": 1,
    "content_type": 21,
    "object_id": "27",
    "object_repr": "27",
    "action_flag": 3,
    "change_message": ""
  }
},
{
  "model": "admin.logentry",
  "pk": 16,
  "fields": {
    "action_time": "2018-10-13T20:10:36.472Z",
    "user": 1,
    "content_type": 21,
    "object_id": "25",
    "object_repr": "25",
    "action_flag": 3,
    "change_message": ""
  }
},
{
  "model": "admin.logentry",
  "pk": 17,
  "fields": {
    "action_time": "2018-10-13T20:10:36.472Z",
    "user": 1,
    "content_type": 21,
    "object_id": "24",
    "object_repr": "24",
    "action_flag": 3,
    "change_message": ""
  }
},
{
  "model": "admin.logentry",
  "pk": 18,
  "fields": {
    "action_time": "2018-10-13T20:10:36.472Z",
    "user": 1,
    "content_type": 21,
    "object_id": "23",
    "object_repr": "23",
    "action_flag": 3,
    "change_message": ""
  }
},
{
  "model": "admin.logentry",
  "pk": 19,
  "fields": {
    "action_time": "2018-10-13T20:10:36.502Z",
    "user": 1,
    "content_type": 21,
    "object_id": "21",
    "object_repr": "21",
    "action_flag": 3,
    "change_message": ""
  }
},
{
  "model": "admin.logentry",
  "pk": 20,
  "fields": {
    "action_time": "2018-10-13T20:10:36.502Z",
    "user": 1,
    "content_type": 21,
    "object_id": "20",
    "object_repr": "20",
    "action_flag": 3,
    "change_message": ""
  }
},
{
  "model": "admin.logentry",
  "pk": 21,
  "fields": {
    "action_time": "2018-10-13T20:10:36.502Z",
    "user": 1,
    "content_type": 21,
    "object_id": "19",
    "object_repr": "19",
    "action_flag": 3,
    "change_message": ""
  }
},
{
  "model": "admin.logentry",
  "pk": 22,
  "fields": {
    "action_time": "2018-10-13T20:10:36.502Z",
    "user": 1,
    "content_type": 21,
    "object_id": "26",
    "object_repr": "26",
    "action_flag": 3,
    "change_message": ""
  }
},
{
  "model": "admin.logentry",
  "pk": 23,
  "fields": {
    "action_time": "2018-10-13T20:10:36.512Z",
    "user": 1,
    "content_type": 21,
    "object_id": "22",
    "object_repr": "22",
    "action_flag": 3,
    "change_message": ""
  }
},
{
  "model": "admin.logentry",
  "pk": 24,
  "fields": {
    "action_time": "2018-10-13T20:10:36.512Z",
    "user": 1,
    "content_type": 21,
    "object_id": "18",
    "object_repr": "18",
    "action_flag": 3,
    "change_message": ""
  }
},
{
  "model": "admin.logentry",
  "pk": 25,
  "fields": {
    "action_time": "2018-10-13T20:10:36.512Z",
    "user": 1,
    "content_type": 21,
    "object_id": "17",
    "object_repr": "17",
    "action_flag": 3,
    "change_message": ""
  }
},
{
  "model": "admin.logentry",
  "pk": 26,
  "fields": {
    "action_time": "2018-10-13T20:10:36.512Z",
    "user": 1,
    "content_type": 21,
    "object_id": "16",
    "object_repr": "16",
    "action_flag": 3,
    "change_message": ""
  }
},
{
  "model": "admin.logentry",
  "pk": 27,
  "fields": {
    "action_time": "2018-10-13T20:10:36.512Z",
    "user": 1,
    "content_type": 21,
    "object_id": "15",
    "object_repr": "15",
    "action_flag": 3,
    "change_message": ""
  }
},
{
  "model": "admin.logentry",
  "pk": 28,
  "fields": {
    "action_time": "2018-10-13T20:10:36.512Z",
    "user": 1,
    "content_type": 21,
    "object_id": "14",
    "object_repr": "14",
    "action_flag": 3,
    "change_message": ""
  }
},
{
  "model": "admin.logentry",
  "pk": 29,
  "fields": {
    "action_time": "2018-10-13T20:10:36.522Z",
    "user": 1,
    "content_type": 21,
    "object_id": "13",
    "object_repr": "13",
    "action_flag": 3,
    "change_message": ""
  }
},
{
  "model": "admin.logentry",
  "pk": 30,
  "fields": {
    "action_time": "2018-10-13T20:31:31.587Z",
    "user": 1,
    "content_type": 21,
    "object_id": "37",
    "object_repr": "backups/2018-10-14-041806.json",
    "action_flag": 3,
    "change_message": ""
  }
},
{
  "model": "admin.logentry",
  "pk": 31,
  "fields": {
    "action_time": "2018-10-13T20:31:31.592Z",
    "user": 1,
    "content_type": 21,
    "object_id": "35",
    "object_repr": "backups/2018-10-14-041451.json",
    "action_flag": 3,
    "change_message": ""
  }
},
{
  "model": "admin.logentry",
  "pk": 32,
  "fields": {
    "action_time": "2018-10-13T20:31:31.594Z",
    "user": 1,
    "content_type": 21,
    "object_id": "34",
    "object_repr": "backups/2018-10-14-041446.json",
    "action_flag": 3,
    "change_message": ""
  }
},
{
  "model": "admin.logentry",
  "pk": 33,
  "fields": {
    "action_time": "2018-10-13T20:31:31.596Z",
    "user": 1,
    "content_type": 21,
    "object_id": "33",
    "object_repr": "backups/2018-10-14-041405.json",
    "action_flag": 3,
    "change_message": ""
  }
},
{
  "model": "admin.logentry",
  "pk": 34,
  "fields": {
    "action_time": "2018-10-13T20:31:31.598Z",
    "user": 1,
    "content_type": 21,
    "object_id": "32",
    "object_repr": "backups/2018-10-14-041402.json",
    "action_flag": 3,
    "change_message": ""
  }
},
{
  "model": "admin.logentry",
  "pk": 35,
  "fields": {
    "action_time": "2018-10-13T20:31:31.600Z",
    "user": 1,
    "content_type": 21,
    "object_id": "31",
    "object_repr": "backups/2018-10-14-041328.json",
    "action_flag": 3,
    "change_message": ""
  }
},
{
  "model": "admin.logentry",
  "pk": 36,
  "fields": {
    "action_time": "2018-10-13T20:31:31.603Z",
    "user": 1,
    "content_type": 21,
    "object_id": "36",
    "object_repr": "",
    "action_flag": 3,
    "change_message": ""
  }
}
]
